tenure_band,customers,churn_rate
0-12 months,2186,0.47438243366880145
13-24 months,1024,0.287109375
25-48 months,1594,0.2038895859473024
49-72 months,2239,0.09513175524787852
